Level,5
GO Time,6.471189

720 , 407
691 , 433
663 , 458
655 , 465
623 , 494
586 , 527
581 , 532
581 , 532
578.0226 , 534.6808
572.9542 , 536.9907
567.8473 , 539.1755
566.0673 , 539.9681
Stage sum of Path,102.7267
Toatal Time,18
 
 
565.7783 , 540.0967
GO Time,20.21341

