{"cameraMode":{"drawMode":0,"name":"Shaded","section":"Shading Mode"},"sceneLighting":true,"audioPlay":false,"sceneViewState":{"showFog":true,"showMaterialUpdate":false,"showSkybox":true,"showFlares":true,"showImageEffects":true,"showParticleSystems":true},"in2DMode":false,"pivot":{"x":567.50537109375,"y":-14.3033447265625,"z":574.0418701171875},"rotation":{"x":-0.10336729139089585,"y":0.7331613898277283,"z":-0.11441326141357422,"w":-0.6623479127883911},"size":110.76795959472656,"orthographic":false}